UF,UF_Sigla,Regiao,Ano_Referencia,Ranking_IPQD_Validado,IPQD_Validado,Prioridade_Validada,Prioridade_Executiva_Validada,Ranking_IPQD,IPQD,Prioridade,Prioridade_Executiva,Taxa_Desocupacao,Rendimento_Medio_Real,Percentual_Internet,Percentual_Ensino_Medio,Saldo_Caged,Estoque_Caged,Taxa_Caged_Estoque_Pct,Populacao_Milhoes,Score_Desemprego,Score_Baixa_Renda,Score_Baixo_Acesso_Digital,Score_Baixo_Dinamismo_Caged,Fonte_Base_UF,Fonte_Populacao,Fonte_Rendimento_Referencia,Fonte_Escolaridade_Referencia,Fonte_CAGED_Referencia,Status_Metodologico,Decisao_Metodologica,Observacao_Metodologica
Maranhão,MA,Nordeste,2025.0,1,88.93,Alta,Prioridade imediata,3.0,57.56,Alta,Prioridade imediata,8.1,1600.0,80.0,30.0,20000.0,1610000.0,1.2422360248447204,7.0,73.97,100.0,100.0,83.71,analise_prioridade_digital_uf.csv / base_ipqd_estados_tratada.csv,https://www.ibge.gov.br/estatisticas/sociais/populacao/9103-estimativas-de-populacao.html,https://agenciadenoticias.ibge.gov.br/agencia-sala-de-imprensa/2013-agencia-de-noticias/releases/45942-ibge-divulga-rendimento-domiciliar-per-capita-2025-para-brasil-e-unidades-da-federacao,https://agenciadenoticias.ibge.gov.br/agencia-noticias/2012-agencia-de-noticias/noticias/43699-indicadores-educacionais-avancam-em-2024-mas-atraso-escolar-aumenta,https://www.gov.br/trabalho-e-emprego/pt-br/assuntos/estatisticas-trabalho/o-pdet/o-que-e-caged,Validado com ressalvas,Usar IPQD_Validado como ranking principal; manter IPQD original como versão expandida/histórica.,"IPQD validado recalculado sem usar escolaridade e população como variáveis de pontuação. CAGED usado como indicador relativo de dinamismo formal por UF, não como fechamento contábil nacional. População mantida como escala demográfica aproximada em milhões. Escolaridade mantida como variável auxiliar até extração oficial por UF no SIDRA/PNAD Educação."
Piauí,PI,Nordeste,2025.0,2,88.65,Alta,Prioridade imediata,2.0,57.9,Alta,Prioridade imediata,8.9,1700.0,82.0,32.0,10000.0,736000.0,1.358695652173913,3.2,84.93,97.96,88.89,80.04,analise_prioridade_digital_uf.csv / base_ipqd_estados_tratada.csv,https://www.ibge.gov.br/estatisticas/sociais/populacao/9103-estimativas-de-populacao.html,https://agenciadenoticias.ibge.gov.br/agencia-sala-de-imprensa/2013-agencia-de-noticias/releases/45942-ibge-divulga-rendimento-domiciliar-per-capita-2025-para-brasil-e-unidades-da-federacao,https://agenciadenoticias.ibge.gov.br/agencia-noticias/2012-agencia-de-noticias/noticias/43699-indicadores-educacionais-avancam-em-2024-mas-atraso-escolar-aumenta,https://www.gov.br/trabalho-e-emprego/pt-br/assuntos/estatisticas-trabalho/o-pdet/o-que-e-caged,Validado com ressalvas,Usar IPQD_Validado como ranking principal; manter IPQD original como versão expandida/histórica.,"IPQD validado recalculado sem usar escolaridade e população como variáveis de pontuação. CAGED usado como indicador relativo de dinamismo formal por UF, não como fechamento contábil nacional. População mantida como escala demográfica aproximada em milhões. Escolaridade mantida como variável auxiliar até extração oficial por UF no SIDRA/PNAD Educação."
Alagoas,AL,Nordeste,2025.0,3,87.31,Alta,Prioridade imediata,1.0,57.95,Alta,Prioridade imediata,9.2,1750.0,82.5,33.0,12000.0,736000.0,1.6304347826086956,3.2,89.04,96.94,86.11,71.49,analise_prioridade_digital_uf.csv / base_ipqd_estados_tratada.csv,https://www.ibge.gov.br/estatisticas/sociais/populacao/9103-estimativas-de-populacao.html,https://agenciadenoticias.ibge.gov.br/agencia-sala-de-imprensa/2013-agencia-de-noticias/releases/45942-ibge-divulga-rendimento-domiciliar-per-capita-2025-para-brasil-e-unidades-da-federacao,https://agenciadenoticias.ibge.gov.br/agencia-noticias/2012-agencia-de-noticias/noticias/43699-indicadores-educacionais-avancam-em-2024-mas-atraso-escolar-aumenta,https://www.gov.br/trabalho-e-emprego/pt-br/assuntos/estatisticas-trabalho/o-pdet/o-que-e-caged,Validado com ressalvas,Usar IPQD_Validado como ranking principal; manter IPQD original como versão expandida/histórica.,"IPQD validado recalculado sem usar escolaridade e população como variáveis de pontuação. CAGED usado como indicador relativo de dinamismo formal por UF, não como fechamento contábil nacional. População mantida como escala demográfica aproximada em milhões. Escolaridade mantida como variável auxiliar até extração oficial por UF no SIDRA/PNAD Educação."
Amapá,AP,Norte,2025.0,4,85.1,Alta,Prioridade imediata,7.0,52.74,Média,Atenção estratégica,10.0,2300.0,87.5,43.0,2000.0,184000.0,1.0869565217391304,0.8,100.0,85.71,58.33,88.6,analise_prioridade_digital_uf.csv / base_ipqd_estados_tratada.csv,https://www.ibge.gov.br/estatisticas/sociais/populacao/9103-estimativas-de-populacao.html,https://agenciadenoticias.ibge.gov.br/agencia-sala-de-imprensa/2013-agencia-de-noticias/releases/45942-ibge-divulga-rendimento-domiciliar-per-capita-2025-para-brasil-e-unidades-da-federacao,https://agenciadenoticias.ibge.gov.br/agencia-noticias/2012-agencia-de-noticias/noticias/43699-indicadores-educacionais-avancam-em-2024-mas-atraso-escolar-aumenta,https://www.gov.br/trabalho-e-emprego/pt-br/assuntos/estatisticas-trabalho/o-pdet/o-que-e-caged,Validado com ressalvas,Usar IPQD_Validado como ranking principal; manter IPQD original como versão expandida/histórica.,"IPQD validado recalculado sem usar escolaridade e população como variáveis de pontuação. CAGED usado como indicador relativo de dinamismo formal por UF, não como fechamento contábil nacional. População mantida como escala demográfica aproximada em milhões. Escolaridade mantida como variável auxiliar até extração oficial por UF no SIDRA/PNAD Educação."
Pernambuco,PE,Nordeste,2025.0,5,82.03,Alta,Prioridade imediata,5.0,55.85,Alta,Prioridade imediata,9.2,1900.0,84.0,36.0,45000.0,2185000.0,2.059496567505721,9.5,89.04,93.88,77.78,57.99,analise_prioridade_digital_uf.csv / base_ipqd_estados_tratada.csv,https://www.ibge.gov.br/estatisticas/sociais/populacao/9103-estimativas-de-populacao.html,https://agenciadenoticias.ibge.gov.br/agencia-sala-de-imprensa/2013-agencia-de-noticias/releases/45942-ibge-divulga-rendimento-domiciliar-per-capita-2025-para-brasil-e-unidades-da-federacao,https://agenciadenoticias.ibge.gov.br/agencia-noticias/2012-agencia-de-noticias/noticias/43699-indicadores-educacionais-avancam-em-2024-mas-atraso-escolar-aumenta,https://www.gov.br/trabalho-e-emprego/pt-br/assuntos/estatisticas-trabalho/o-pdet/o-que-e-caged,Validado com ressalvas,Usar IPQD_Validado como ranking principal; manter IPQD original como versão expandida/histórica.,"IPQD validado recalculado sem usar escolaridade e população como variáveis de pontuação. CAGED usado como indicador relativo de dinamismo formal por UF, não como fechamento contábil nacional. População mantida como escala demográfica aproximada em milhões. Escolaridade mantida como variável auxiliar até extração oficial por UF no SIDRA/PNAD Educação."
Sergipe,SE,Nordeste,2025.0,6,78.82,Alta,Prioridade imediata,8.0,51.44,Média,Atenção estratégica,8.0,2000.0,85.0,38.0,8000.0,529000.0,1.5122873345935728,2.3,72.6,91.84,72.22,75.21,analise_prioridade_digital_uf.csv / base_ipqd_estados_tratada.csv,https://www.ibge.gov.br/estatisticas/sociais/populacao/9103-estimativas-de-populacao.html,https://agenciadenoticias.ibge.gov.br/agencia-sala-de-imprensa/2013-agencia-de-noticias/releases/45942-ibge-divulga-rendimento-domiciliar-per-capita-2025-para-brasil-e-unidades-da-federacao,https://agenciadenoticias.ibge.gov.br/agencia-noticias/2012-agencia-de-noticias/noticias/43699-indicadores-educacionais-avancam-em-2024-mas-atraso-escolar-aumenta,https://www.gov.br/trabalho-e-emprego/pt-br/assuntos/estatisticas-trabalho/o-pdet/o-que-e-caged,Validado com ressalvas,Usar IPQD_Validado como ranking principal; manter IPQD original como versão expandida/histórica.,"IPQD validado recalculado sem usar escolaridade e população como variáveis de pontuação. CAGED usado como indicador relativo de dinamismo formal por UF, não como fechamento contábil nacional. População mantida como escala demográfica aproximada em milhões. Escolaridade mantida como variável auxiliar até extração oficial por UF no SIDRA/PNAD Educação."
Bahia,BA,Nordeste,2025.0,7,78.64,Alta,Prioridade imediata,4.0,56.55,Alta,Prioridade imediata,9.2,1850.0,83.5,35.0,94380.0,3450000.0,2.7356521739130435,15.0,89.04,94.9,80.56,36.71,analise_prioridade_digital_uf.csv / base_ipqd_estados_tratada.csv,https://www.ibge.gov.br/estatisticas/sociais/populacao/9103-estimativas-de-populacao.html,https://agenciadenoticias.ibge.gov.br/agencia-sala-de-imprensa/2013-agencia-de-noticias/releases/45942-ibge-divulga-rendimento-domiciliar-per-capita-2025-para-brasil-e-unidades-da-federacao,https://agenciadenoticias.ibge.gov.br/agencia-noticias/2012-agencia-de-noticias/noticias/43699-indicadores-educacionais-avancam-em-2024-mas-atraso-escolar-aumenta,https://www.gov.br/trabalho-e-emprego/pt-br/assuntos/estatisticas-trabalho/o-pdet/o-que-e-caged,Validado com ressalvas,Usar IPQD_Validado como ranking principal; manter IPQD original como versão expandida/histórica.,"IPQD validado recalculado sem usar escolaridade e população como variáveis de pontuação. CAGED usado como indicador relativo de dinamismo formal por UF, não como fechamento contábil nacional. População mantida como escala demográfica aproximada em milhões. Escolaridade mantida como variável auxiliar até extração oficial por UF no SIDRA/PNAD Educação."
Ceará,CE,Nordeste,2025.0,8,77.83,Alta,Prioridade imediata,6.0,53.0,Média,Atenção estratégica,7.5,1800.0,83.0,34.0,40000.0,2116000.0,1.890359168241966,9.2,65.75,95.92,83.33,63.31,analise_prioridade_digital_uf.csv / base_ipqd_estados_tratada.csv,https://www.ibge.gov.br/estatisticas/sociais/populacao/9103-estimativas-de-populacao.html,https://agenciadenoticias.ibge.gov.br/agencia-sala-de-imprensa/2013-agencia-de-noticias/releases/45942-ibge-divulga-rendimento-domiciliar-per-capita-2025-para-brasil-e-unidades-da-federacao,https://agenciadenoticias.ibge.gov.br/agencia-noticias/2012-agencia-de-noticias/noticias/43699-indicadores-educacionais-avancam-em-2024-mas-atraso-escolar-aumenta,https://www.gov.br/trabalho-e-emprego/pt-br/assuntos/estatisticas-trabalho/o-pdet/o-que-e-caged,Validado com ressalvas,Usar IPQD_Validado como ranking principal; manter IPQD original como versão expandida/histórica.,"IPQD validado recalculado sem usar escolaridade e população como variáveis de pontuação. CAGED usado como indicador relativo de dinamismo formal por UF, não como fechamento contábil nacional. População mantida como escala demográfica aproximada em milhões. Escolaridade mantida como variável auxiliar até extração oficial por UF no SIDRA/PNAD Educação."
Paraíba,PB,Nordeste,2025.0,9,73.07,Alta,Prioridade imediata,9.0,49.64,Média,Atenção estratégica,7.0,1950.0,84.5,37.0,18000.0,942999.0,1.90880372089472,4.1,58.9,92.86,75.0,62.73,analise_prioridade_digital_uf.csv / base_ipqd_estados_tratada.csv,https://www.ibge.gov.br/estatisticas/sociais/populacao/9103-estimativas-de-populacao.html,https://agenciadenoticias.ibge.gov.br/agencia-sala-de-imprensa/2013-agencia-de-noticias/releases/45942-ibge-divulga-rendimento-domiciliar-per-capita-2025-para-brasil-e-unidades-da-federacao,https://agenciadenoticias.ibge.gov.br/agencia-noticias/2012-agencia-de-noticias/noticias/43699-indicadores-educacionais-avancam-em-2024-mas-atraso-escolar-aumenta,https://www.gov.br/trabalho-e-emprego/pt-br/assuntos/estatisticas-trabalho/o-pdet/o-que-e-caged,Validado com ressalvas,Usar IPQD_Validado como ranking principal; manter IPQD original como versão expandida/histórica.,"IPQD validado recalculado sem usar escolaridade e população como variáveis de pontuação. CAGED usado como indicador relativo de dinamismo formal por UF, não como fechamento contábil nacional. População mantida como escala demográfica aproximada em milhões. Escolaridade mantida como variável auxiliar até extração oficial por UF no SIDRA/PNAD Educação."
Amazonas,AM,Norte,2025.0,10,72.13,Alta,Prioridade imediata,12.0,44.69,Média,Atenção estratégica,7.8,2600.0,90.0,45.0,9000.0,920000.0,0.9782608695652175,4.0,69.86,79.59,44.44,92.02,analise_prioridade_digital_uf.csv / base_ipqd_estados_tratada.csv,https://www.ibge.gov.br/estatisticas/sociais/populacao/9103-estimativas-de-populacao.html,https://agenciadenoticias.ibge.gov.br/agencia-sala-de-imprensa/2013-agencia-de-noticias/releases/45942-ibge-divulga-rendimento-domiciliar-per-capita-2025-para-brasil-e-unidades-da-federacao,https://agenciadenoticias.ibge.gov.br/agencia-noticias/2012-agencia-de-noticias/noticias/43699-indicadores-educacionais-avancam-em-2024-mas-atraso-escolar-aumenta,https://www.gov.br/trabalho-e-emprego/pt-br/assuntos/estatisticas-trabalho/o-pdet/o-que-e-caged,Validado com ressalvas,Usar IPQD_Validado como ranking principal; manter IPQD original como versão expandida/histórica.,"IPQD validado recalculado sem usar escolaridade e população como variáveis de pontuação. CAGED usado como indicador relativo de dinamismo formal por UF, não como fechamento contábil nacional. População mantida como escala demográfica aproximada em milhões. Escolaridade mantida como variável auxiliar até extração oficial por UF no SIDRA/PNAD Educação."
Rio Grande do Norte,RN,Nordeste,2025.0,11,70.16,Alta,Prioridade imediata,11.0,47.55,Média,Atenção estratégica,6.8,2100.0,85.5,39.0,15000.0,782000.0,1.9181585677749362,3.4,56.16,89.8,69.44,62.44,analise_prioridade_digital_uf.csv / base_ipqd_estados_tratada.csv,https://www.ibge.gov.br/estatisticas/sociais/populacao/9103-estimativas-de-populacao.html,https://agenciadenoticias.ibge.gov.br/agencia-sala-de-imprensa/2013-agencia-de-noticias/releases/45942-ibge-divulga-rendimento-domiciliar-per-capita-2025-para-brasil-e-unidades-da-federacao,https://agenciadenoticias.ibge.gov.br/agencia-noticias/2012-agencia-de-noticias/noticias/43699-indicadores-educacionais-avancam-em-2024-mas-atraso-escolar-aumenta,https://www.gov.br/trabalho-e-emprego/pt-br/assuntos/estatisticas-trabalho/o-pdet/o-que-e-caged,Validado com ressalvas,Usar IPQD_Validado como ranking principal; manter IPQD original como versão expandida/histórica.,"IPQD validado recalculado sem usar escolaridade e população como variáveis de pontuação. CAGED usado como indicador relativo de dinamismo formal por UF, não como fechamento contábil nacional. População mantida como escala demográfica aproximada em milhões. Escolaridade mantida como variável auxiliar até extração oficial por UF no SIDRA/PNAD Educação."
Acre,AC,Norte,2025.0,12,69.58,Alta,Prioridade imediata,10.0,49.37,Média,Atenção estratégica,6.5,2200.0,86.0,31.0,3000.0,184000.0,1.6304347826086956,0.8,52.05,87.76,66.67,71.49,analise_prioridade_digital_uf.csv / base_ipqd_estados_tratada.csv,https://www.ibge.gov.br/estatisticas/sociais/populacao/9103-estimativas-de-populacao.html,https://agenciadenoticias.ibge.gov.br/agencia-sala-de-imprensa/2013-agencia-de-noticias/releases/45942-ibge-divulga-rendimento-domiciliar-per-capita-2025-para-brasil-e-unidades-da-federacao,https://agenciadenoticias.ibge.gov.br/agencia-noticias/2012-agencia-de-noticias/noticias/43699-indicadores-educacionais-avancam-em-2024-mas-atraso-escolar-aumenta,https://www.gov.br/trabalho-e-emprego/pt-br/assuntos/estatisticas-trabalho/o-pdet/o-que-e-caged,Validado com ressalvas,Usar IPQD_Validado como ranking principal; manter IPQD original como versão expandida/histórica.,"IPQD validado recalculado sem usar escolaridade e população como variáveis de pontuação. CAGED usado como indicador relativo de dinamismo formal por UF, não como fechamento contábil nacional. População mantida como escala demográfica aproximada em milhões. Escolaridade mantida como variável auxiliar até extração oficial por UF no SIDRA/PNAD Educação."
Tocantins,TO,Norte,2025.0,13,62.7,Média,Atenção estratégica,14.0,42.38,Média,Atenção estratégica,5.8,2400.0,88.5,41.0,6000.0,368000.0,1.6304347826086956,1.6,42.47,83.67,52.78,71.49,analise_prioridade_digital_uf.csv / base_ipqd_estados_tratada.csv,https://www.ibge.gov.br/estatisticas/sociais/populacao/9103-estimativas-de-populacao.html,https://agenciadenoticias.ibge.gov.br/agencia-sala-de-imprensa/2013-agencia-de-noticias/releases/45942-ibge-divulga-rendimento-domiciliar-per-capita-2025-para-brasil-e-unidades-da-federacao,https://agenciadenoticias.ibge.gov.br/agencia-noticias/2012-agencia-de-noticias/noticias/43699-indicadores-educacionais-avancam-em-2024-mas-atraso-escolar-aumenta,https://www.gov.br/trabalho-e-emprego/pt-br/assuntos/estatisticas-trabalho/o-pdet/o-que-e-caged,Validado com ressalvas,Usar IPQD_Validado como ranking principal; manter IPQD original como versão expandida/histórica.,"IPQD validado recalculado sem usar escolaridade e população como variáveis de pontuação. CAGED usado como indicador relativo de dinamismo formal por UF, não como fechamento contábil nacional. População mantida como escala demográfica aproximada em milhões. Escolaridade mantida como variável auxiliar até extração oficial por UF no SIDRA/PNAD Educação."
Pará,PA,Norte,2025.0,14,62.17,Média,Atenção estratégica,13.0,42.48,Média,Atenção estratégica,6.2,2500.0,89.0,42.0,35000.0,1955000.0,1.7902813299232736,8.5,47.95,81.63,50.0,66.46,analise_prioridade_digital_uf.csv / base_ipqd_estados_tratada.csv,https://www.ibge.gov.br/estatisticas/sociais/populacao/9103-estimativas-de-populacao.html,https://agenciadenoticias.ibge.gov.br/agencia-sala-de-imprensa/2013-agencia-de-noticias/releases/45942-ibge-divulga-rendimento-domiciliar-per-capita-2025-para-brasil-e-unidades-da-federacao,https://agenciadenoticias.ibge.gov.br/agencia-noticias/2012-agencia-de-noticias/noticias/43699-indicadores-educacionais-avancam-em-2024-mas-atraso-escolar-aumenta,https://www.gov.br/trabalho-e-emprego/pt-br/assuntos/estatisticas-trabalho/o-pdet/o-que-e-caged,Validado com ressalvas,Usar IPQD_Validado como ranking principal; manter IPQD original como versão expandida/histórica.,"IPQD validado recalculado sem usar escolaridade e população como variáveis de pontuação. CAGED usado como indicador relativo de dinamismo formal por UF, não como fechamento contábil nacional. População mantida como escala demográfica aproximada em milhões. Escolaridade mantida como variável auxiliar até extração oficial por UF no SIDRA/PNAD Educação."
Roraima,RR,Norte,2025.0,15,56.39,Média,Atenção estratégica,17.0,34.94,Baixa,Baixa urgência relativa,4.0,2700.0,91.0,44.0,1000.0,138000.0,0.7246376811594203,0.6,17.81,77.55,38.89,100.0,analise_prioridade_digital_uf.csv / base_ipqd_estados_tratada.csv,https://www.ibge.gov.br/estatisticas/sociais/populacao/9103-estimativas-de-populacao.html,https://agenciadenoticias.ibge.gov.br/agencia-sala-de-imprensa/2013-agencia-de-noticias/releases/45942-ibge-divulga-rendimento-domiciliar-per-capita-2025-para-brasil-e-unidades-da-federacao,https://agenciadenoticias.ibge.gov.br/agencia-noticias/2012-agencia-de-noticias/noticias/43699-indicadores-educacionais-avancam-em-2024-mas-atraso-escolar-aumenta,https://www.gov.br/trabalho-e-emprego/pt-br/assuntos/estatisticas-trabalho/o-pdet/o-que-e-caged,Validado com ressalvas,Usar IPQD_Validado como ranking principal; manter IPQD original como versão expandida/histórica.,"IPQD validado recalculado sem usar escolaridade e população como variáveis de pontuação. CAGED usado como indicador relativo de dinamismo formal por UF, não como fechamento contábil nacional. População mantida como escala demográfica aproximada em milhões. Escolaridade mantida como variável auxiliar até extração oficial por UF no SIDRA/PNAD Educação."
Rondônia,RO,Norte,2025.0,16,53.88,Média,Atenção estratégica,15.0,36.1,Baixa,Baixa urgência relativa,3.7,2800.0,88.0,40.0,5000.0,368000.0,1.358695652173913,1.6,13.7,75.51,55.56,80.04,analise_prioridade_digital_uf.csv / base_ipqd_estados_tratada.csv,https://www.ibge.gov.br/estatisticas/sociais/populacao/9103-estimativas-de-populacao.html,https://agenciadenoticias.ibge.gov.br/agencia-sala-de-imprensa/2013-agencia-de-noticias/releases/45942-ibge-divulga-rendimento-domiciliar-per-capita-2025-para-brasil-e-unidades-da-federacao,https://agenciadenoticias.ibge.gov.br/agencia-noticias/2012-agencia-de-noticias/noticias/43699-indicadores-educacionais-avancam-em-2024-mas-atraso-escolar-aumenta,https://www.gov.br/trabalho-e-emprego/pt-br/assuntos/estatisticas-trabalho/o-pdet/o-que-e-caged,Validado com ressalvas,Usar IPQD_Validado como ranking principal; manter IPQD original como versão expandida/histórica.,"IPQD validado recalculado sem usar escolaridade e população como variáveis de pontuação. CAGED usado como indicador relativo de dinamismo formal por UF, não como fechamento contábil nacional. População mantida como escala demográfica aproximada em milhões. Escolaridade mantida como variável auxiliar até extração oficial por UF no SIDRA/PNAD Educação."
Minas Gerais,MG,Sudeste,2025.0,17,51.37,Média,Atenção estratégica,19.0,34.35,Baixa,Baixa urgência relativa,5.5,3100.0,93.0,50.0,85000.0,4830000.0,1.7598343685300208,21.0,38.36,69.39,27.78,67.42,analise_prioridade_digital_uf.csv / base_ipqd_estados_tratada.csv,https://www.ibge.gov.br/estatisticas/sociais/populacao/9103-estimativas-de-populacao.html,https://agenciadenoticias.ibge.gov.br/agencia-sala-de-imprensa/2013-agencia-de-noticias/releases/45942-ibge-divulga-rendimento-domiciliar-per-capita-2025-para-brasil-e-unidades-da-federacao,https://agenciadenoticias.ibge.gov.br/agencia-noticias/2012-agencia-de-noticias/noticias/43699-indicadores-educacionais-avancam-em-2024-mas-atraso-escolar-aumenta,https://www.gov.br/trabalho-e-emprego/pt-br/assuntos/estatisticas-trabalho/o-pdet/o-que-e-caged,Validado com ressalvas,Usar IPQD_Validado como ranking principal; manter IPQD original como versão expandida/histórica.,"IPQD validado recalculado sem usar escolaridade e população como variáveis de pontuação. CAGED usado como indicador relativo de dinamismo formal por UF, não como fechamento contábil nacional. População mantida como escala demográfica aproximada em milhões. Escolaridade mantida como variável auxiliar até extração oficial por UF no SIDRA/PNAD Educação."
Rio de Janeiro,RJ,Sudeste,2025.0,18,50.34,Média,Atenção estratégica,16.0,35.97,Baixa,Baixa urgência relativa,8.5,3800.0,96.5,56.0,100920.0,3910000.0,2.581074168797954,17.0,79.45,55.1,8.33,41.57,analise_prioridade_digital_uf.csv / base_ipqd_estados_tratada.csv,https://www.ibge.gov.br/estatisticas/sociais/populacao/9103-estimativas-de-populacao.html,https://agenciadenoticias.ibge.gov.br/agencia-sala-de-imprensa/2013-agencia-de-noticias/releases/45942-ibge-divulga-rendimento-domiciliar-per-capita-2025-para-brasil-e-unidades-da-federacao,https://agenciadenoticias.ibge.gov.br/agencia-noticias/2012-agencia-de-noticias/noticias/43699-indicadores-educacionais-avancam-em-2024-mas-atraso-escolar-aumenta,https://www.gov.br/trabalho-e-emprego/pt-br/assuntos/estatisticas-trabalho/o-pdet/o-que-e-caged,Validado com ressalvas,Usar IPQD_Validado como ranking principal; manter IPQD original como versão expandida/histórica.,"IPQD validado recalculado sem usar escolaridade e população como variáveis de pontuação. CAGED usado como indicador relativo de dinamismo formal por UF, não como fechamento contábil nacional. População mantida como escala demográfica aproximada em milhões. Escolaridade mantida como variável auxiliar até extração oficial por UF no SIDRA/PNAD Educação."
Goiás,GO,Centro-Oeste,2025.0,19,41.7,Média,Atenção estratégica,18.0,34.88,Baixa,Baixa urgência relativa,5.2,3000.0,94.0,47.0,50000.0,1656000.0,3.0193236714975846,7.2,34.25,71.43,22.22,27.78,analise_prioridade_digital_uf.csv / base_ipqd_estados_tratada.csv,https://www.ibge.gov.br/estatisticas/sociais/populacao/9103-estimativas-de-populacao.html,https://agenciadenoticias.ibge.gov.br/agencia-sala-de-imprensa/2013-agencia-de-noticias/releases/45942-ibge-divulga-rendimento-domiciliar-per-capita-2025-para-brasil-e-unidades-da-federacao,https://agenciadenoticias.ibge.gov.br/agencia-noticias/2012-agencia-de-noticias/noticias/43699-indicadores-educacionais-avancam-em-2024-mas-atraso-escolar-aumenta,https://www.gov.br/trabalho-e-emprego/pt-br/assuntos/estatisticas-trabalho/o-pdet/o-que-e-caged,Validado com ressalvas,Usar IPQD_Validado como ranking principal; manter IPQD original como versão expandida/histórica.,"IPQD validado recalculado sem usar escolaridade e população como variáveis de pontuação. CAGED usado como indicador relativo de dinamismo formal por UF, não como fechamento contábil nacional. População mantida como escala demográfica aproximada em milhões. Escolaridade mantida como variável auxiliar até extração oficial por UF no SIDRA/PNAD Educação."
Distrito Federal,DF,Centro-Oeste,2025.0,20,40.78,Média,Atenção estratégica,27.0,21.0,Baixa,Baixa urgência relativa,8.2,6500.0,98.0,65.0,7000.0,690000.0,1.0144927536231882,3.0,75.34,0.0,0.0,90.88,analise_prioridade_digital_uf.csv / base_ipqd_estados_tratada.csv,https://www.ibge.gov.br/estatisticas/sociais/populacao/9103-estimativas-de-populacao.html,https://agenciadenoticias.ibge.gov.br/agencia-sala-de-imprensa/2013-agencia-de-noticias/releases/45942-ibge-divulga-rendimento-domiciliar-per-capita-2025-para-brasil-e-unidades-da-federacao,https://agenciadenoticias.ibge.gov.br/agencia-noticias/2012-agencia-de-noticias/noticias/43699-indicadores-educacionais-avancam-em-2024-mas-atraso-escolar-aumenta,https://www.gov.br/trabalho-e-emprego/pt-br/assuntos/estatisticas-trabalho/o-pdet/o-que-e-caged,Validado com ressalvas,Usar IPQD_Validado como ranking principal; manter IPQD original como versão expandida/histórica.,"IPQD validado recalculado sem usar escolaridade e população como variáveis de pontuação. CAGED usado como indicador relativo de dinamismo formal por UF, não como fechamento contábil nacional. População mantida como escala demográfica aproximada em milhões. Escolaridade mantida como variável auxiliar até extração oficial por UF no SIDRA/PNAD Educação."
São Paulo,SP,Sudeste,2025.0,21,39.17,Baixa,Baixa urgência relativa,21.0,30.16,Baixa,Baixa urgência relativa,7.2,4200.0,97.5,58.0,311228.0,10580000.0,2.941663516068053,46.0,61.64,46.94,2.78,30.22,analise_prioridade_digital_uf.csv / base_ipqd_estados_tratada.csv,https://www.ibge.gov.br/estatisticas/sociais/populacao/9103-estimativas-de-populacao.html,https://agenciadenoticias.ibge.gov.br/agencia-sala-de-imprensa/2013-agencia-de-noticias/releases/45942-ibge-divulga-rendimento-domiciliar-per-capita-2025-para-brasil-e-unidades-da-federacao,https://agenciadenoticias.ibge.gov.br/agencia-noticias/2012-agencia-de-noticias/noticias/43699-indicadores-educacionais-avancam-em-2024-mas-atraso-escolar-aumenta,https://www.gov.br/trabalho-e-emprego/pt-br/assuntos/estatisticas-trabalho/o-pdet/o-que-e-caged,Validado com ressalvas,Usar IPQD_Validado como ranking principal; manter IPQD original como versão expandida/histórica.,"IPQD validado recalculado sem usar escolaridade e população como variáveis de pontuação. CAGED usado como indicador relativo de dinamismo formal por UF, não como fechamento contábil nacional. População mantida como escala demográfica aproximada em milhões. Escolaridade mantida como variável auxiliar até extração oficial por UF no SIDRA/PNAD Educação."
Rio Grande do Sul,RS,Sul,2025.0,22,37.58,Baixa,Baixa urgência relativa,23.0,28.65,Baixa,Baixa urgência relativa,4.5,3600.0,95.0,52.0,65000.0,2645000.0,2.4574669187145557,11.5,24.66,59.18,16.67,45.46,analise_prioridade_digital_uf.csv / base_ipqd_estados_tratada.csv,https://www.ibge.gov.br/estatisticas/sociais/populacao/9103-estimativas-de-populacao.html,https://agenciadenoticias.ibge.gov.br/agencia-sala-de-imprensa/2013-agencia-de-noticias/releases/45942-ibge-divulga-rendimento-domiciliar-per-capita-2025-para-brasil-e-unidades-da-federacao,https://agenciadenoticias.ibge.gov.br/agencia-noticias/2012-agencia-de-noticias/noticias/43699-indicadores-educacionais-avancam-em-2024-mas-atraso-escolar-aumenta,https://www.gov.br/trabalho-e-emprego/pt-br/assuntos/estatisticas-trabalho/o-pdet/o-que-e-caged,Validado com ressalvas,Usar IPQD_Validado como ranking principal; manter IPQD original como versão expandida/histórica.,"IPQD validado recalculado sem usar escolaridade e população como variáveis de pontuação. CAGED usado como indicador relativo de dinamismo formal por UF, não como fechamento contábil nacional. População mantida como escala demográfica aproximada em milhões. Escolaridade mantida como variável auxiliar até extração oficial por UF no SIDRA/PNAD Educação."
Espírito Santo,ES,Sudeste,2025.0,23,37.49,Baixa,Baixa urgência relativa,22.0,28.72,Baixa,Baixa urgência relativa,3.2,3200.0,92.5,49.0,22000.0,897000.0,2.4526198439241917,3.9,6.85,67.35,30.56,45.61,analise_prioridade_digital_uf.csv / base_ipqd_estados_tratada.csv,https://www.ibge.gov.br/estatisticas/sociais/populacao/9103-estimativas-de-populacao.html,https://agenciadenoticias.ibge.gov.br/agencia-sala-de-imprensa/2013-agencia-de-noticias/releases/45942-ibge-divulga-rendimento-domiciliar-per-capita-2025-para-brasil-e-unidades-da-federacao,https://agenciadenoticias.ibge.gov.br/agencia-noticias/2012-agencia-de-noticias/noticias/43699-indicadores-educacionais-avancam-em-2024-mas-atraso-escolar-aumenta,https://www.gov.br/trabalho-e-emprego/pt-br/assuntos/estatisticas-trabalho/o-pdet/o-que-e-caged,Validado com ressalvas,Usar IPQD_Validado como ranking principal; manter IPQD original como versão expandida/histórica.,"IPQD validado recalculado sem usar escolaridade e população como variáveis de pontuação. CAGED usado como indicador relativo de dinamismo formal por UF, não como fechamento contábil nacional. População mantida como escala demográfica aproximada em milhões. Escolaridade mantida como variável auxiliar até extração oficial por UF no SIDRA/PNAD Educação."
Paraná,PR,Sul,2025.0,24,31.89,Baixa,Baixa urgência relativa,25.0,26.03,Baixa,Baixa urgência relativa,3.5,3500.0,95.5,53.0,75000.0,2760000.0,2.717391304347826,12.0,10.96,61.22,13.89,37.28,analise_prioridade_digital_uf.csv / base_ipqd_estados_tratada.csv,https://www.ibge.gov.br/estatisticas/sociais/populacao/9103-estimativas-de-populacao.html,https://agenciadenoticias.ibge.gov.br/agencia-sala-de-imprensa/2013-agencia-de-noticias/releases/45942-ibge-divulga-rendimento-domiciliar-per-capita-2025-para-brasil-e-unidades-da-federacao,https://agenciadenoticias.ibge.gov.br/agencia-noticias/2012-agencia-de-noticias/noticias/43699-indicadores-educacionais-avancam-em-2024-mas-atraso-escolar-aumenta,https://www.gov.br/trabalho-e-emprego/pt-br/assuntos/estatisticas-trabalho/o-pdet/o-que-e-caged,Validado com ressalvas,Usar IPQD_Validado como ranking principal; manter IPQD original como versão expandida/histórica.,"IPQD validado recalculado sem usar escolaridade e população como variáveis de pontuação. CAGED usado como indicador relativo de dinamismo formal por UF, não como fechamento contábil nacional. População mantida como escala demográfica aproximada em milhões. Escolaridade mantida como variável auxiliar até extração oficial por UF no SIDRA/PNAD Educação."
Mato Grosso do Sul,MS,Centro-Oeste,2025.0,25,29.77,Baixa,Baixa urgência relativa,20.0,30.72,Baixa,Baixa urgência relativa,4.2,3300.0,94.5,48.0,25000.0,644000.0,3.881987577639751,2.8,20.55,65.31,19.44,0.63,analise_prioridade_digital_uf.csv / base_ipqd_estados_tratada.csv,https://www.ibge.gov.br/estatisticas/sociais/populacao/9103-estimativas-de-populacao.html,https://agenciadenoticias.ibge.gov.br/agencia-sala-de-imprensa/2013-agencia-de-noticias/releases/45942-ibge-divulga-rendimento-domiciliar-per-capita-2025-para-brasil-e-unidades-da-federacao,https://agenciadenoticias.ibge.gov.br/agencia-noticias/2012-agencia-de-noticias/noticias/43699-indicadores-educacionais-avancam-em-2024-mas-atraso-escolar-aumenta,https://www.gov.br/trabalho-e-emprego/pt-br/assuntos/estatisticas-trabalho/o-pdet/o-que-e-caged,Validado com ressalvas,Usar IPQD_Validado como ranking principal; manter IPQD original como versão expandida/histórica.,"IPQD validado recalculado sem usar escolaridade e população como variáveis de pontuação. CAGED usado como indicador relativo de dinamismo formal por UF, não como fechamento contábil nacional. População mantida como escala demográfica aproximada em milhões. Escolaridade mantida como variável auxiliar até extração oficial por UF no SIDRA/PNAD Educação."
Mato Grosso,MT,Centro-Oeste,2025.0,26,28.0,Baixa,Baixa urgência relativa,24.0,28.61,Baixa,Baixa urgência relativa,3.1,3400.0,93.5,46.0,30000.0,851000.0,3.525264394829612,3.7,5.48,63.27,25.0,11.85,analise_prioridade_digital_uf.csv / base_ipqd_estados_tratada.csv,https://www.ibge.gov.br/estatisticas/sociais/populacao/9103-estimativas-de-populacao.html,https://agenciadenoticias.ibge.gov.br/agencia-sala-de-imprensa/2013-agencia-de-noticias/releases/45942-ibge-divulga-rendimento-domiciliar-per-capita-2025-para-brasil-e-unidades-da-federacao,https://agenciadenoticias.ibge.gov.br/agencia-noticias/2012-agencia-de-noticias/noticias/43699-indicadores-educacionais-avancam-em-2024-mas-atraso-escolar-aumenta,https://www.gov.br/trabalho-e-emprego/pt-br/assuntos/estatisticas-trabalho/o-pdet/o-que-e-caged,Validado com ressalvas,Usar IPQD_Validado como ranking principal; manter IPQD original como versão expandida/histórica.,"IPQD validado recalculado sem usar escolaridade e população como variáveis de pontuação. CAGED usado como indicador relativo de dinamismo formal por UF, não como fechamento contábil nacional. População mantida como escala demográfica aproximada em milhões. Escolaridade mantida como variável auxiliar até extração oficial por UF no SIDRA/PNAD Educação."
Santa Catarina,SC,Sul,2025.0,27,19.36,Baixa,Baixa urgência relativa,26.0,22.75,Baixa,Baixa urgência relativa,2.7,3700.0,96.0,54.0,70000.0,1794000.0,3.901895206243032,7.8,0.0,57.14,11.11,0.0,analise_prioridade_digital_uf.csv / base_ipqd_estados_tratada.csv,https://www.ibge.gov.br/estatisticas/sociais/populacao/9103-estimativas-de-populacao.html,https://agenciadenoticias.ibge.gov.br/agencia-sala-de-imprensa/2013-agencia-de-noticias/releases/45942-ibge-divulga-rendimento-domiciliar-per-capita-2025-para-brasil-e-unidades-da-federacao,https://agenciadenoticias.ibge.gov.br/agencia-noticias/2012-agencia-de-noticias/noticias/43699-indicadores-educacionais-avancam-em-2024-mas-atraso-escolar-aumenta,https://www.gov.br/trabalho-e-emprego/pt-br/assuntos/estatisticas-trabalho/o-pdet/o-que-e-caged,Validado com ressalvas,Usar IPQD_Validado como ranking principal; manter IPQD original como versão expandida/histórica.,"IPQD validado recalculado sem usar escolaridade e população como variáveis de pontuação. CAGED usado como indicador relativo de dinamismo formal por UF, não como fechamento contábil nacional. População mantida como escala demográfica aproximada em milhões. Escolaridade mantida como variável auxiliar até extração oficial por UF no SIDRA/PNAD Educação."
